ubicacion,telefono,email,direccion,municipio,horario,departamentopais,codigo_postal,latitud,longitud,column10
BOGOTA D.C.,(1)2095658,veintedejulio.bogota@4-72.com.co,Calle 25 Sur No. 6 - 38,BOGOTA D.C.,De 9:00 a.m. a 12 p.m. y de 1 p.m. a 6 p.m.,BOGOTA D.C.,110421,-74.09403833,4.570348282,
BOGOTA D.C.,(1)2556768,sietedeagosto.bogota@4-72.com.co,Cra 24 No. 66A - 30,BOGOTA D.C.,De 8:00 a.m. a 12 p.m. y de 1 p.m. a 5 p.m.,BOGOTA D.C.,111221,-74.07030168,4.657842306,
BOGOTA D.C.,(1)2351559,avenidachile.bogota@4-72.com.co,Calle 72 No. 14 - 42,BOGOTA D.C.,De 9:00 a.m. a 12 p.m. y de 1 p.m. a 6 p.m.,BOGOTA D.C.,111211,-74.06218718,4.659679314,
BOGOTA D.C.,(1)2137920,cientocuatro.bogota@4-72.com.co,Cra 15 No. 104 - 21,BOGOTA D.C.,De 9:00 a.m. a 12 p.m. y de 1 p.m. a 6 p.m.,BOGOTA D.C.,110111,-74.04689242,4.688986754,
BOGOTA D.C.,(1)6917292,callenoventa.bogota@4-72.com.co,Calle 90 No. 14 - 53,BOGOTA D.C.,De 9:00 a.m. a 12 p.m. y de 1 p.m. a 6 p.m.,BOGOTA D.C.,110221,-74.05273333,4.674195294,
BOGOTA D.C.,(1)2848645,centrointernacional.bogota@4-72.com.co,Cra 10 No. 26 - 21 Local 16 Hotel Crowne Plaza Tequendama,BOGOTA D.C.,De 8:00 a.m. a 12 p.m. y de 1 p.m. a 6 p.m.,BOGOTA D.C.,110311,-74.07058964,4.61246851,
BOGOTA D.C.,(1)2559009,Chapinero.bogota@4-72.com.co,Calle 67 No. 8 - 39,BOGOTA D.C.,De 9:00 a.m. a 12 p.m. y de 1 p.m. a 6 p.m.,BOGOTA D.C.,110231,-74.0593732,4.651417751,
BOGOTA D.C.,(1)5308697,chico.bogota@4-72.com.co,Cra 15 No. 85 - 61,BOGOTA D.C.,De 9:00 a.m. a 12 p.m. y de 1 p.m. a 6 p.m.,BOGOTA D.C.,110221,-74.05499371,4.670630936,
BOGOTA D.C.,(1)3462645,galerias.bogota@4-72.com.co,Calle 53 No. 21 - 72,BOGOTA D.C.,De 8:00 a.m. a 06:00 p.m. Jornado continua,BOGOTA D.C.,111311,-74.07297437,4.641646731,
BOGOTA D.C.,(1)2739642,kennedy.bogota@4-72.com.co,Cra78K No. 35A - 85 Sur - Local 6,BOGOTA D.C.,De 9:00 a.m. a 12 p.m. y de 1 p.m. a 6 p.m.,BOGOTA D.C.,110851,-74.15233422,4.625228038,
BOGOTA D.C.,(1)2859133,soledad.bogota@4-72.com.co,Cra 19 No. 39B - 31,BOGOTA D.C.,De 9:00 a.m. a 12 p.m. y de 1 p.m. a 6 p.m.,BOGOTA D.C.,111311,-74.07265972,4.629409823,
BOGOTA D.C.,(1)2830533,murillotoro.bogota@4-72.com.co,Cra 8 No. 12A - 03,BOGOTA D.C.,De 8:00 a.m. a 06:00 p.m. Jornado continua,BOGOTA D.C.,111711,-74.07549562,4.60008395,
BOGOTA D.C.,(1)4722005 Ext. 1901,principal.bogota@4-72.com.co,Diag. 25G No. 95A - 55,BOGOTA D.C.,De 8:00 a.m. a 06:00 p.m. Jornado continua,BOGOTA D.C.,110911,-74.12313911,4.682441702,
BOGOTA D.C.,(1)4405734,admquirigua.bogota@4-72.com.co,Transv. 94 No. 80A - 70 Segundo Piso,BOGOTA D.C.,De 8:00 a.m. a 12 p.m. y de 1 p.m. a 5 p.m.,BOGOTA D.C.,111021,-74.10667614,4.706995961,
BOGOTA D.C.,(1 )2725603,restrepo.bogota@4-72.com.co,Calle 15 Sur No. 18 - 59,BOGOTA D.C.,De 9:00 a.m. a 12 p.m. y de 1 p.m. a 6 p.m.,BOGOTA D.C.,111511,-74.09960066,4.586595367,
BOGOTA D.C.,(1)2353669,rosales.bogota@4-72.com.co,Av. 7 No. 70 - 34,BOGOTA D.C.,De 9:00 a.m. a 12 p.m. y de 1 p.m. a 6 p.m.,BOGOTA D.C.,110231,-74.05632717,4.653079572,
BOGOTA D.C.,(1) 5707523,salitre.bogota@4-72.com.co,Cra 69 No. 24A -15 Local 16,BOGOTA D.C.,De 9:00 a.m. a 12 p.m. y de 1 p.m. a 6 p.m.,BOGOTA D.C.,110931,-74.11027326,4.655613273,
BOGOTA D.C.,(1)5611205,sanandresito.bogota@4-72.com.co,Calle 13 No. 38 - 25 Estación Biomax,BOGOTA D.C.,De 9:00 a.m. a 12 p.m. y de 1 p.m. a 6 p.m.,BOGOTA D.C.,111611,-74.09869878,4.620196282,
BOGOTA D.C.,(1)3415875,sanvictorino.bogota@4-72.com.co,Cra: 12A No 10 - 12,BOGOTA D.C.,De 8:00 a.m. a 12 p.m. y de 1 p.m. a 5 p.m.,BOGOTA D.C.,110321,-74.08067633,4.600637362,
BOGOTA D.C.,(1)6200190,santabarbara.bogota@4-72.com.co,Cra 7 No. 115 - 60 C.C. Santa Barbara Local A 101-102,BOGOTA D.C.,De 9:00 a.m. a 6:00 p.m. Jornada Continua,BOGOTA D.C.,110111,-74.03327664,4.69300183,
BOGOTA D.C.,(1)6814385,suba.bogota@4-72.com.co,Cra 92 No. 146B - 58,BOGOTA D.C.,De 9:00 a.m. a 12 p.m. y de 1 p.m. a 6 p.m.,BOGOTA D.C.,111156,-74.08500721,4.740587345,
BOGOTA D.C.,(1)6710122,toberin.bogota@4-72.com.co,Cra 21 No. 169 - 62 Local 1 24,BOGOTA D.C.,De 9:00 a.m. a 12 p.m. y de 1 p.m. a 6 p.m.,BOGOTA D.C.,110131,-74.04379021,4.750219914,
BOGOTA D.C.,(1)2130279,unicentro.bogota@4-72.com.co,Av. Cra 15 No. 123 - 30 CC. Unicentro Piso 2 Local 2-222,BOGOTA D.C.,De 9:00 a.m. a 7:00 p.m. Jornada Continua,BOGOTA D.C.,110111,-74.04285984,4.701908505,
BOGOTA D.C.,(1)2575649,unilago.bogota@4-72.com.co,Calle 77 No. 16 - 34,BOGOTA D.C.,De 9:00 a.m. a 12 p.m. y de 1 p.m. a 6 p.m.,BOGOTA D.C.,110221,-74.05920202,4.664216017,
BOGOTA D.C.,(1)2704251,Venecia.bogota@4-72.com.co,Auto Sur No. 52C - 43,BOGOTA D.C.,De 8:00 a.m. a 12 p.m. y de 1 p.m. a 5 p.m.,BOGOTA D.C.,,0,0,
BOGOTA D.C.,(1)5488143,fontibon.bogota@4-72.com.co,Calle 17 No 96c - 31,BOGOTA D.C.,De 8:00 a.m. a 12 p.m. y de 1 p.m. a 6 p.m.,BOGOTA D.C.,110921,-74.14250674,4.668341143,
BOGOTA D.C.,(1)7557139,pv.avenidasexta@4-72.com.co,Av. 6 No 42 - 09,BOGOTA D.C.,De 8:00 a.m. a 12 p.m. y de 1 p.m. a 6 p.m.,BOGOTA D.C.,111611,-74.10615182,4.618615307,
BOGOTA D.C.,(1)5241284,pvcalle118.bogota@4-72.com.co,Calle 118 # 15-15,BOGOTA D.C.,De 8:00 a.m. a 12 p.m. y de 1 p.m. a 6 p.m.,BOGOTA D.C.,110111,-74.04321016,4.697370513,
BOGOTA D.C.,(1)2907748,pvsalazargomez.bogota@4-72.com.co,Av 68 No 12-76,BOGOTA D.C.,De 8:00 a.m. a 12 p.m. y de 1 p.m. a 6 p.m.,BOGOTA D.C.,111611,-74.11929055,4.635788205,
CHÍA,(1)-8633779,chiapo.centrob@4-72.com.co,CALLE 12 Nº 10-58,CUNDINAMARCA,De 8:00 a.m. a 06:00 p.m. Jornado continua,CUNDINAMARCA,,0,0,
FACATATIVÁ,(1)-8900752,facatativa.centrob@4-72.com.co,CARRERA 2 Nº 7-57,CUNDINAMARCA,De 8:00 a.m. a 1 p.m. y de 2 p.m. a 6 p.m.,CUNDINAMARCA,253051,-74.35621976,4.810851854,
MOSQUERA,(8)-8278006,mosquera.centrob@4-72.com.co,CALLE 5 N°  2   73,CUNDINAMARCA,De 8:00 a.m. a 12 p.m. y de 1 p.m. a 6 p.m.,CUNDINAMARCA,250040,-74.1991471,4.696948325,
MADRID,(8)-8252430,pvmadrid.centrob@4-72.com.co,CALLE 7 # 5-41,CUNDINAMARCA,De 8:00 a.m. a 1 p.m. y de 2 p.m. a 6 p.m.,CUNDINAMARCA,250030,0,0,
SIBERIA,(1)-8415264,siberia.centrob@4-72.com.co,"AUTop. Medellin kilometro 3.5 via Siberia
Terminal Terrestre de Carga Local A11 Etapa 1",CUNDINAMARCA,De 8:00 a.m. a 12 p.m. y de 1 p.m. a  5 p.m.,CUNDINAMARCA,250010,0,0,
SOACHA,(1)-7810679,admsoacha.bogota@4-72.com.co,CRA 6 N°  13A  18,CUNDINAMARCA,De 8:00 a.m. a 06:00 p.m. Jornado continua,CUNDINAMARCA,250051,-74.21818789,4.580788336,
CHIQUINQUIRÁ,(8)-7262227,chiquinquira.centrob@4-72.com.co,CRA. 9 Nº 16-13,BOYACA,De 8:00 a.m. a 12 p.m. y de 1 p.m. a 6 p.m.,BOYACA,154640,-73.81683124,5.616529535,
DUITAMA,(8)-7603485,duitama.centrob@4-72.com.co,CLL 16 # 14 - 52,BOYACA,De 8:00 a.m. a 06:00 p.m. Jornado continua,BOYACA,150461,-73.03406566,5.828640922,
FUSAGASUGÁ,(1)-8719613,fusagasuga.centrob@4-72.com.co,CLL 9  Nº  7-40 CENTRO,CUNDINAMARCA,De 8:00 a.m. a 1 p.m. y de 2 p.m. a 6 p.m.,CUNDINAMARCA,252211,-74.3625507,4.34178308,
GRANADA,(8)-6580007,granada.centrob@4-72.com.co,CLL 15 Nº 14-63,META,De 8:00 a.m. a 12 p.m. y de 1 p.m. a 6 p.m.,META,504001,-73.70595124,3.540408846,
LETICIA,,centrodeoperacionesleticia472@gmail.com,carrera 6 No. 8-20,AMAZONAS,De 8:00 a.m. a 12 p.m. y de 1 p.m. a 6 p.m.,AMAZONAS,910001,-69.94060967,-4.21569506,
PAIPA,(8)-7850617,paipa.centrob@4-72.com.co,carrera 22 N° 25-30,BOYACA,De 8:00 a.m. a 12 p.m. y de 1 p.m. a 6 p.m.,BOYACA,150440,-73.11742282,5.781468648,
PUERTO CARREÑO,(8)-5654489,pcr472@gmail.com,CRA 5 N° 18  - 69 LOCAL 1,VICHADA,De 8:00 a.m. a 12 p.m. y de 1 p.m. a 6 p.m.,VICHADA,990001,0,0,
INÍRIDA,(8)-5656344,puertoinirida.centrob@4-72.com.co,CALLE 18 #9-51,GUAINIA,De 8:00 a.m. a 12 p.m. y de 1 p.m. a 6 p.m.,GUAINIA,940001,-67.9243267,3.865279239,
PUERTO LEGUÍZAMO,(8)-5634258,ptoleguizamo.centrob@4-72.com.co,CARRERA 36 ESQUINA PARROQUIA CENTRO,PUTUMAYO,De 8:00 a.m. a 12 p.m. y de 1 p.m. a 6 p.m.,PUTUMAYO,864001,0,0,
SAN ANDRÉS,(8)-5125440,sanandresisla.centrob@4-72.com.co,AV FRANCISCO NEW BALL 1 P.C. COMERCIO CENTRO LOCAL 105,ANCHIPIELAGO DE SAN ANDRES,De 8:00 a.m. a 12 p.m. y de 1 p.m. a 6 p.m.,ANCHIPIELAGO DE SAN ANDRES,880001,0,0,
SOGAMOSO,(8)-7750273,sogamoso.centrob@4-72.com.co,CALLE 14 # 10 - 43  LOCAL 106,BOYACA,De 8:00 a.m. a 06:00 p.m. Jornado continua,BOYACA,152210,-72.92651082,5.716831783,
TUNJA,(8)-7450639,tunjapv.centrob@4-72.com.co,CRA 9 Nº19-86 plaza bolivar,BOYACA,De 8:00 a.m. a 12 p.m. y de 1 p.m. a 6 p.m.,BOYACA,150001,-73.36060251,5.532498393,
TUNJA,"(8)-7438771
(1)-7432389",pvtunja.asis@4-72.com.co,CRA 6 N°  64-03,BOYACA,De 8:00 a.m. a 12 p.m. y de 1 p.m. a 6 p.m.,BOYACA,150003,-73.34388263,5.568962234,
VILLA DE SAN DIEGO DE UBATÉ,(1)-8892065,ubate.centrob@4-72.com.co,CRA 7  CALLE 8 - 12 ESQUINA EDIFICIO TELECOM,CUNDINAMARCA,De 8:00 a.m. a 1 p.m. y de 2 p.m. a 6 p.m.,CUNDINAMARCA,250430,-73.81435255,5.3080752,
VILLAVICENCIO,(8)-6622902,villavicenciopv.centrob@4-72.com.co,CALLE 39 No32-02 CENTRO,META,De 8:00 a.m. a 12 p.m. y de 1 p.m. a 6 p.m.,META,500001,-73.63848719,4.152127688,
YOPAL,(8)-6358472,yopalpv.centrob@4-72.com.co,Calle 10 n° 20 – 09,CASANARE,De 8:00 a.m. a 1 p.m. y de 2 p.m. a 6 p.m.,CASANARE,850001,-72.40068154,5.346319371,
ZIPAQUIRÁ,(1)-8522783,zipaquira.centrob@4-72.com.co,CRA 10 Nº 2-42,CUNDINAMARCA,De 8:00 a.m. a 12 p.m. y de 1 p.m. a 6 p.m.,CUNDINAMARCA,250252,-74.00318569,5.020824369,
AGUADAS,(6)8514297,aguadas.ejecafetero@4-72.com.co,CL 6 6-09,CALDAS,De 8 a.m. a 12:30 m. y de 1:30 p.m. a 6 p.m.,CALDAS,172020,-75.45667739,5.6138855,
ANSERMA,(6)8531035,anserma.ejecafetero@4-72.com.co,KR 4  12 - 10 CENTRO,CALDAS,De 8 a.m. a 12:30 m. y de 1:30 p.m. a 6 p.m.,CALDAS,177080,-75.78656084,5.232915256,
ARMENIA,(6)7440218,armenia.ejecafetero@4-72.com.co,CRA 15  22 -38,QUINDIO,De 8 a.m.  a 6:00 p.m. Jornada continua,QUINDIO,630004,-75.67554665,4.532266205,
CALARCA,(6)7421067,calarca.ejecafetero@4-72.com.co,KR 24 40 - 28 Local 2,QUINDIO,De 8 a.m. a 12:30 m. y de 1:30 p.m. a 6 p.m.,QUINDIO,632001,-75.64002164,4.53086951,
CARTAGO,(2)2122460,cartago.ejecafetero@4-72.com.co,CRA 4 12- 48,VALLE DEL CAUCA,De 8 a.m.  a 6:00 p.m. Jornada continua,VALLE DEL CAUCA,762021,-75.91392294,4.750328122,
CHINCHINA,(6)8506022,chinchina.ejecafetero@4-72.com.co,KR 8 12 - 50,CALDAS,De 8 a.m. a 12:30 m. y de 1:30 p.m. a 6 p.m.,CALDAS,176020,-75.60685238,4.983889838,
HONDA,(8)2517344,honda.ejecafetero@4-72.com.co,KR 11 CL 14 ESQUINA PALACIO MUNICIPAL,TOLIMA,De 8 a.m. a 12:30 m. y de 1:30 p.m. a 6 p.m.,TOLIMA,732040,-74.73537196,5.205817242,
LA DORADA,(6)8576205,ladorada.ejecafetero@4-72.com.co,KR 2  14 - 08 PISO 1 LOCAL BANCO BOGOTA,CALDAS,De 8 a.m. a 12:30 m. y de 2 p.m. a 6:30 p.m.,CALDAS,175031,-74.6637907,5.456448089,
LA UNION,(2)2292497,launion.ejecafetero@4-72.com.co,CL 14 13-47,VALLE DEL CAUCA,De 8 a.m. a 12:30 m. y de 1:30 p.m. a 6 p.m.,VALLE DEL CAUCA,761540,-76.10232779,4.53121656,
LA VIRGINIA,(6)3682390,lavirginia.ejecafetero@4-72.com.co,KR 8 6 - 61,RISARALDA,De 8 a.m. a 12:30 m. y de 1:30 p.m. a 6 p.m.,RISARALDA,662001,0,0,
MONTENEGRO,(6)7538049,montenegro.ejecafetero@4-72.com.co,KR 6 15-25,QUINDIO,De 8 a.m. a 12:30 m. y de 1:30 p.m. a 6 p.m.,QUINDIO,633001,-75.74953807,4.567389005,
NEIRA,(6)8587412,neira.ejecafetero@4-72.com.co,KR 9 10-40,CALDAS,De 8 a.m. a 12:30 m. y de 1:30 p.m. a 6 p.m.,CALDAS,171001,-75.52037065,5.170090469,
PENSILVANIA,(6)8555081,pensilvania.ejecafetero@4-72.com.co,KR 6 4-46,CALDAS,De 8 a.m. a 12:30 m. y de 1:30 p.m. a 6 p.m.,CALDAS,173060,-75.16067052,5.383311579,
PEREIRA,(6)3337460,pereira.ejecafetero@4-72.com.co,KR 9 18B-15,RISARALDA,De 8 a.m.  a 6:00 p.m. Jornada continua,RISARALDA,660002,-75.694385,4.812899698,
QUIMBAYA,(6)7521381,quimbaya.ejecafetero@4-72.com.co,CL 14 5-29,QUINDIO,De 8 a.m. a 12:30 m. y de 1:30 p.m. a 6 p.m.,QUINDIO,634020,-75.76219791,4.622248463,
RIOSUCIO,(6)8590656,riosucio.ejecafetero@4-72.com.co,CL 8  6 - 22,CALDAS,De 8 a.m. a 12:30 m. y de 1:30 p.m. a 6 p.m.,CALDAS,178040,-75.70371459,5.420673617,
SALAMINA,(6)8595924,salamina.ejecafetero@4-72.com.co,CL 4 7-07  LOCAL 2,CALDAS,De 8 a.m. a 12:30 m. y de 1:30 p.m. a 6 p.m.,CALDAS,172001,-75.48735741,5.408474124,
SANTA ROSA DE CABAL,(6)3645886,santarosa.ejecafetero@4-72.com.co,KR 15  13-36,RISARALDA,De 8 a.m. a 12:30 m. y de 1:30 p.m. a 6 p.m.,RISARALDA,661020,-75.62213328,4.86547753,
VILLAMARIA,(6)8770626,villamaria.ejecafetero@4-72.com.co,CLL  9  5 - 16,CALDAS,De 8 a.m. a 12:30 m. y de 1:30 p.m. a 6 p.m.,CALDAS,176001,-75.51270334,5.04498108,
PEREIRA,(6)3253623,calle21.ejecafetero@4-72.com.co,KR 9 21-33,RISARALDA,De 8 a.m. a 12:30 m. y de 1:30 p.m. a 6 p.m.,RISARALDA,660002,-75.69639269,4.813141723,
PEREIRA,(6)3367308,calle39.ejecafetero@4-72.com.co,KR 7 39-18,RISARALDA,De 8 a.m. a 12:30 m. y de 1:30 p.m. a 6 p.m.,RISARALDA,660002,-75.71121865,4.816675884,
MANIZALES,(6)8844812,centro.manizales@4-72.com.co,CLL  22 23- 57 Esquina,CALDAS,De 8 a.m.  a 6:00 p.m. Jornada continua,CALDAS,170006,-75.51760658,5.066696758,
MANIZALES,(6)8851808,cable.manizales@4-72.com.co,KR 23 60-36,CALDAS,De 8 a.m. a 12:30 m. y de 1:30 p.m. a 6 p.m.,CALDAS,170004,-75.48841326,5.060476732,
MEDELLIN,(4) 2601508,america.noroccidente@4-72.com.co,CALLE 44 No. 68 A 20,ANTIOQUIA,De 8:00 a.m. a 12 p.m. y de 1 p.m. a 6 p.m.,ANTIOQUIA,50031,-75.58704447,6.249029285,
ANDES,(4) 8414388,andes.noroccidente@4-72.com.co,CARRERA 50 No. 50-70             Local 120,ANTIOQUIA,De 8:00 a.m. a 12 p.m. y de 1 p.m. a 6 p.m.,ANTIOQUIA,56060,-75.87730505,5.656258926,
APARTADO,(4) 8280888,apartado.noroccidente@4-72.com.co,CALLE 98 No. 103 A 23              Brr. Ortíz,ANTIOQUIA,De 8:00 a.m. a 12 p.m. y de 1 p.m. a 6 p.m.,ANTIOQUIA,,0,0,
MEDELLIN,(4) 3454718,belen.noroccidente@4-72.com.co,CARRERA 77 No. 28-30,ANTIOQUIA,De 8:00 a.m. a 12 p.m. y de 1 p.m. a 6 p.m.,ANTIOQUIA,50025,-75.59695235,6.229172266,
BELLO,(4) 4572863,bello.noroccidente@4-72.com.co,CARRERA 50 No. 52-26,ANTIOQUIA,De 8:00 a.m. a 12 p.m. y de 1 p.m. a 6 p.m.,ANTIOQUIA,51053,-75.55902661,6.336242372,
MEDELLIN,(4) 2515106,cafetero.noroccidente@4-72.com.co,CALLE 49 No. 50-21                   Edif. del Café Local 9939,ANTIOQUIA,De 8:00 a.m. a 12 p.m. y de 1 p.m. a 6 p.m.,ANTIOQUIA,50015,-75.568625,6.248620325,
CALDAS,(4) 2780859,caldas.noroccidente@4-72.com.co,CALLE 129 SUR No. 48 51,ANTIOQUIA,De 8:00 a.m. a 12 p.m. y de 1 p.m. a 6 p.m.,ANTIOQUIA,55440,-75.63459358,6.091631828,
MEDELLIN,(4) 2666385,elpoblado.noroccidente@4-72.com.co,CALLE 10 A No. 41 11,ANTIOQUIA,De 8:00 a.m. a 12 p.m. y de 1 p.m. a 6 p.m.,ANTIOQUIA,50021,-75.56858032,6.210570217,
ENVIGADO,(4) 2769462,envigado.noroccidente@4-72.com.co,CALLE 38 SUR No. 43-60,ANTIOQUIA,De 8:00 a.m. a 12 p.m. y de 1 p.m. a 6 p.m.,ANTIOQUIA,55422,-75.588235,6.170233451,
ITAGUI,(4) 2775007,itagui.noroccidente@4-72.com.co,CARRERA 50 No. 51-27                Local 9908 -9909,ANTIOQUIA,De 8:00 a.m. a 12 p.m. y de 1 p.m. a 6 p.m.,ANTIOQUIA,55412,-75.60853557,6.172201885,
MARINILLA,(4) 5482716,marinilla.noroccidente@4-72.com.co,CALLE 32 29-56 LOCAL 106,ANTIOQUIA,De 8:00 a.m. a 12 p.m. y de 1 p.m. a 6 p.m.,ANTIOQUIA,54020,-75.33372123,6.173958657,
MEDELLIN,(4) 2325031,palaciodejusticia.noroccidente@4-72.com.co,CARRERA 52 No. 42-73  Of. 207   Palacio de Justicia,ANTIOQUIA,De 8:00 a.m. a 12 p.m. y de 1 p.m. a 6 p.m.,ANTIOQUIA,50015,-75.57195532,6.244065627,
MEDELLIN,(4) 6042074 EXT 4068,principal.noroccidente@4-72.com.co,CARRERA 64C No. 72-20,ANTIOQUIA,De 8:00 a.m. a 12 p.m. y de 1 p.m. a 6 p.m.,ANTIOQUIA,50034,-75.57386643,6.270226818,
QUIBDO,(4) 6711582,quibdo.noroccidente@4-72.com.co,CARRERA 1 A # 26 a 68 Brr. San Francisco (Roma),CHOCO,De 8:00 a.m. a 12 p.m. y de 1 p.m. a 6 p.m.,CHOCO,,0,0,
RIONEGRO,(4) 5611103,rionegro.noroccidente@4-72.com.co,CARRERA 51 No. 51 -57                 Local 101,ANTIOQUIA,De 8:00 a.m. a 12 p.m. y de 1 p.m. a 6 p.m.,ANTIOQUIA,54040,-75.37375603,6.154945532,
SABANETA,(4) 2889350,sabaneta.noroccidente@4-72.com.co,CALLE 70 SUR No. 46-46,ANTIOQUIA,De 8:00 a.m. a 12 p.m. y de 1 p.m. a 6 p.m.,ANTIOQUIA,55450,-75.61665488,6.152585961,
MEDELLIN,(4) 2395703,sanignacio.noroccidente@4-72.com.co,CARRERA 44 No. 48-79,ANTIOQUIA,De 8:00 a.m. a 12 p.m. y de 1 p.m. a 6 p.m.,ANTIOQUIA,50016,-75.56463372,6.246595639,
YARUMAL,(4) 8871748,yarumal.noroccidente@4-72.com.co,CARRERA 21 No. 20-52                  Local 204,ANTIOQUIA,De 8:00 a.m. a 12 p.m. y de 1 p.m. a 6 p.m.,ANTIOQUIA,52030,-75.41820388,6.962428572,
CARTAGENA,(5)6608777,matuna.norte@4-72.com.co,KR 11 32a-9 local 15,BOLIVAR,De 8:00 a.m. a 06:00 p.m. Jornado continua,BOLIVAR,130001,-75.54424275,10.42487821,
CARTAGENA,(5)6714502,lamoneda.norte@4-72.com.co,CALLE 31A CARRERA 69B -65 Ctro Ccial SANTA LUCIA LOCAL 2,BOLIVAR,De 8:00 a.m. a 1 p.m. y de 2 p.m. a 6 p.m.,BOLIVAR,,0,0,
CARTAGENA,(5)6592009,pvelbosque.norte@4-72.com.co,DIAG.21 #  45 - 85  EL BOSQUE,BOLIVAR,De 8:00 a.m. a 06:00 p.m. Jornado continua,BOLIVAR,130001,-75.52155884,10.4004772,
RIOHACHA,(5)7273853,riohacha.norte@4-72.com.co,CALLE 2 #  6-56,GUAJIRA,De 8:00 a.m. a 1 p.m. y de 2 p.m. a 6 p.m.,GUAJIRA,440001,-72.90886253,11.55204433,
MONTERIA,(4)7856975,pv.monteria@4-72.com.co,CRA 17  # 24 - 09,CORDOBA,De 8:00 a.m. a 1 p.m. y de 2 p.m. a 6 p.m.,CORDOBA,230003,-75.87607247,8.745899416,
MAGANGUE,(5)6878154,pv.magangue@4-72.com.co,CALLE la elogia TV 4 14-07,BOLIVAR,De 8:00 a.m. a 1 p.m. y de 2 p.m. a 6 p.m.,BOLIVAR,132511,0,0,
CIENAGA,(5)4240895,cienaga.norte@4-72.com.co,CALLE 16 # 10 - 105,MAGDALENA,De 8:00 a.m. a 1 p.m. y de 2 p.m. a 6 p.m.,MAGDALENA,478001,-74.25143618,11.00725481,
BARRANQUILLA,(5)3406359,zonauno.norte@4-72.com.co,CALLE 40 44-109 loc 1,ATLANTICO,De 8:00 a.m. a 06:00 p.m. Jornado continua,ATLANTICO,80003,-74.78137853,10.9841135,
BARRANQUILLA,(5)3461042,union.barranquilla@4-72.com.co,CALLE 30 13C-07,ATLANTICO,De 8:00 a.m. a 1 p.m. y de 2 p.m. a 6 p.m.,ATLANTICO,80006,-74.78619069,10.9515283,
BARRANQUILLA,(5)3450636,estadio.norte@4-72.com.co,KR 52 72-114 LOCAL 26 C.C. PLAZA 52,ATLANTICO,De 8:00 a.m. a 06:00 p.m. Jornado continua,ATLANTICO,80020,-74.80396605,10.9988691,
BARRANQUILLA,(5)3200338,pvcentro.barranquilla@4-72.com.co,CRA 38 # 43 - 85,ATLANTICO,De 8:00 a.m. a 1 p.m. y de 2 p.m. a 6 p.m.,ATLANTICO,80003,-74.78591468,10.97939742,
BARRANQUILLA,(5)3562235,pvveintedejulio.norte@4-72.com.co,CALLE 72 No 41-68 EDIFICIO YOVAL,ATLANTICO,De 8:00 a.m. a 1 p.m. y de 2 p.m. a 6 p.m.,ATLANTICO,80002,-74.80840546,10.98939437,
BARRANQUILLA,(5)3606595,pvprado.barranquilla@4-72.com.co,CALLE 76 N 49 C 31 loc 1,ATLANTICO,De 8:00 a.m. a 06:00 p.m. Jornado continua,ATLANTICO,80020,-74.80813016,11.00042676,
BARRANQUILLA,(5)3735411,campina.norte@4-72.com.co,CALLE 84 45-31 Local 3,ATLANTICO,De 8:00 a.m. a 06:00 p.m. Jornado continua,ATLANTICO,80020,-74.81892087,11.00155974,
SANTA MARTA,(5)4306762,pv.santamarta@4-72.com.co,CALLE 22  #  2 - 37  local 7,MAGDALENA,De 8:00 a.m. a 06:00 p.m. Jornado continua,MAGDALENA,470004,-74.21433175,11.24116414,
EL BANCO,(5)4291011,banco.norte@4-72.com.co,CALLE  7 # 6 - 02,MAGDALENA,De 8:00 a.m. a 1 p.m. y de 2 p.m. a 6 p.m.,MAGDALENA,473040,0,0,
MAICAO,(5)7251609,maicao.norte@4-72.com.co,KR 10 # 15 - 59 LOCAL 5,RIOHACHA,De 8:00 a.m. a 1 p.m. y de 2 p.m. a 6 p.m.,RIOHACHA,442001,0,0,
SINCELEJO,(5)2825342,pv.sincelejo@4-72.com.co,calle 23 # 17 - 24,SUCRE,De 8:00 a.m. a 1 p.m. y de 2 p.m. a 6 p.m.,SUCRE,700003,-75.39652938,9.301039456,
ARACATACA,NO TIENE,aracataca.norte@4-72.com.co,CALLE 9 # 5 - 30  CASA DEL TELEGRAFISTA,MAGDALENA,De 8:00 a.m. a 1 p.m. y de 2 p.m. a 6 p.m.,MAGDALENA,472001,-74.19181786,10.59463922,
BUENAVENTURA,(2)2403660,buenaventura.occidente@4-72.com.co,CARRERA 5 A #  1 -13,VALLE DEL CAUCA,De 8:00 a.m. a 1 p.m. y de 2 p.m. a 6 p.m.,VALLE DEL CAUCA,764501,-77.07672529,3.886774418,
BUGA,(2)2276528,buga.occidente@4-72.com.co,CALLE 5 14 – 50,VALLE DEL CAUCA,De 8:00 a.m. a 1 p.m. y de 2 p.m. a 6 p.m.,VALLE DEL CAUCA,763042,-76.30252588,3.898787448,
EL CERRITO,(2)2565892,elcerrito.occidente@4-72.com.co,CALLE  5  # 11-26-CENTRO,VALLE DEL CAUCA,De 8:00 a.m. a 1 p.m. y de 2 p.m. a 6 p.m.,VALLE DEL CAUCA,763520,0,0,
FLORIDA,(2)2643203,florida.occidente@4-72.com.co,CALLE 10  # 21-65,VALLE DEL CAUCA,De 8:00 a.m. a 1 p.m. y de 2 p.m. a 6 p.m.,VALLE DEL CAUCA,763560,-76.23646616,3.32671059,
IPIALES,(2)7732444,ipiales.occidente@4-72.com.co,CALLE 17 No. 7 - 63,NARIÑO,De 8:00 a.m. a 06:00 p.m. Jornado continua,NARIÑO,524061,-77.64245482,0.82637427,
JAMUNDI,(2) 2681407,jamundi.occidente@4-72.com.co,CALLE 10 # 8 – 68  B/  porvenir,VALLE DEL CAUCA,De 8:00 a.m. a 1 p.m. y de 2 p.m. a 6 p.m.,VALLE DEL CAUCA,764001,-76.53970397,3.260345734,
MOCOA,(8) 4295578,mocoa.occidente@4-72.com.co,CALLE 7  # 4-27 DIAG.TELECOM,PUTUMAYO,De 8:00 a.m. a 1 p.m. y de 2 p.m. a 6 p.m.,PUTUMAYO,860001,-76.64731101,1.145790507,
PALMIRA,(2)2728196,palmira.occidente@4-72.com.co,CALLE 31 #  28-45,VALLE DEL CAUCA,De 8:00 a.m. a 06:00 p.m. Jornado continua,VALLE DEL CAUCA,763533,-76.29915324,3.527864104,
PASTO,(2)7233550,pasto.occidente@4-72.com.co,CALLE  15 # 22 A-05,NARIÑO,De 8:00 a.m. a 1 p.m. y de 2 p.m. a 6 p.m.,NARIÑO,520003,-77.28021327,1.210847392,
POPAYAN,(2)8244564,pv.popayan@4-72.com.co,CALLE 4 # 5-74,CAUCA,De 8:00 a.m. a 1 p.m. y de 2 p.m. a 6 p.m.,CAUCA,190003,-76.60525989,2.442018049,
TULUÁ,(2)2242244,tulua.occidente@4-72.com.co,CARRERA 26 # 26-21,VALLE DEL CAUCA,De 8:00 a.m. a 1 p.m. y de 2 p.m. a 6 p.m.,VALLE DEL CAUCA,763022,-76.19705787,4.085051307,
TUMACO,(2)7272519,tumaco.occidente@4-72.com.co,CALLE OBANDO 1C-48-CENTRO,NARIÑO,De 8:00 a.m. a 1 p.m. y de 2 p.m. a 6 p.m.,NARIÑO,,0,0,
YUMBO,(2)6955619,yumbo.occidente@4-72.com.co,CALLE 5 No. 5-72,VALLE DEL CAUCA,De 8:00 a.m. a 1 p.m. y de 2 p.m. a 6 p.m.,VALLE DEL CAUCA,760501,-76.49491485,3.582089348,
ZARZAL,(2)2206461,zarzal.occidente@4-72.com.co,CARRERA 11 #  8-47 EL CENTRO,VALLE DEL CAUCA,De 8:00 a.m. a 1 p.m. y de 2 p.m. a 6 p.m.,VALLE DEL CAUCA,762520,-76.07374477,4.392297927,
CALI,(2)8813327,zonauno.cali@4-72.com.co,CARRERA 3  # 10-49,VALLE DEL CAUCA,De 8:00 a.m. a 06:00 p.m. Jornado continua,VALLE DEL CAUCA,760044,-76.53276259,3.452948318,
CALI,(2)3797164,chipichape.occidente@4-72.com.co,AVENIDA 6 # 35-47 C.C. CHIPICHAPE BG 4 LOCAL 426,VALLE DEL CAUCA,De 9 a.m. a 1 p.m. y de 2 p.m. a 6:00 p.m.,VALLE DEL CAUCA,760046,-76.52614916,3.472935747,
CALI,(2) 4850477 EXT 2113,laflorapv.occidente@4-72.com.co,AVENIDA 3N # 52 N -33 B/ LA FLORA,VALLE DEL CAUCA,De 8:00 a.m. a 06:00 p.m. Jornado continua,VALLE DEL CAUCA,760050,-76.51359676,3.484207539,
TUQUERRES,(2)7280844,tuquerres.occidente@4-72.com.co,CARRERA 15 con CALLE 16 Esquina,NARIÑO,De 8:00 a.m. a 1 p.m. y de 2 p.m. a 6 p.m.,NARIÑO,525520,-77.61775084,1.088032763,
CALI,(2)5565609,sanfernando.occidente@4-72.com.co,CALLE  5 # 30-21,VALLE DEL CAUCA,De 8:00 a.m. a 1 p.m. y de 2 p.m. a 6 p.m.,VALLE DEL CAUCA,760042,-76.54212175,3.433262215,
CALI,(2) 3450724,unicentro.occidente@4-72.com.co,CARRERA  100 # 5-169 C.C. UNICENTRO LOCAL 602 Pasillo Pasoancho,VALLE DEL CAUCA,De 9:00 a.m. a 06:00 p.m. Jornado continua,VALLE DEL CAUCA,760032,-76.54177373,3.374054925,
CALI,,,Calle # 5 46-83 LOCAL 102 Centro Comercial Paseo de la Quinta.,VALLE DEL CAUCA,De 8:00 a.m. a 1 p.m. y de 2 p.m. a 6 p.m.,VALLE DEL CAUCA,760043,-76.54842854,3.418106929,
ARAUCA,(7)8851862,arauca.oriente@4-72.com.co,CALLE 22 N° 19-54,ARAUCA,De 8:00 a.m. a 12 p.m. y de 1 p.m. a 6 p.m.,ARAUCA,810001,-70.75702075,7.086549034,
BARBOSA,(7)7486116,barbosa.oriente@4-72.com.co,CALLE 8 No. 9-50,SANTANDER,De 8:00 a.m. a 12 p.m. y de 1 p.m. a 6 p.m.,SANTANDER,684511,-73.61806745,5.932040126,
BARRANCABERMEJA,(7)6111431,barrancabermeja.oriente@4-72.com.co,CALLE 49 con CARRERA 11 Esquina,SANTANDER,De 8:00 a.m. a 06:00 p.m. Jornado continua,SANTANDER,687033,-73.86662773,7.058766385,
CUCUTA,(7)5838397,avenidacuarta.oriente@4-72.com.co,AVENIDA 4 # 14 - 62 B/ LAPLAYA,NORTE DE SANTANDER,De 8:00 a.m. a 06:00 p.m. Jornado continua,NORTE DE SANTANDER,540006,-72.50187085,7.882510648,
OCAÑA,(7)5623491,ocana.oriente@4-72.com.co,CALLE 12 # 12-51 CENTRO,NORTE DE SANTANDER,De 8:00 a.m. a 12 p.m. y de 1 p.m. a 6 p.m.,NORTE DE SANTANDER,546552,-73.35262694,8.234818705,
SAN GIL,(7)7241809,sangil.oriente@4-72.com.co,CARRERA 10 # 10-50,SANTANDER,De 8:00 a.m. a 12 p.m. y de 1 p.m. a 6 p.m.,SANTANDER,684031,-73.13218299,6.553493255,
SOCORRRO,(7)7275792,socorro.oriente@4-72.com.co,CARRERA 14 CON CALLE 15 ESQUINA,SANTANDER,De 8:00 a.m. a 12 p.m. y de 1 p.m. a 6 p.m.,SANTANDER,683551,-73.26121223,6.46856364,
VALLEDUPAR,(5)5744076,valledupar.oriente@4-72.com.co,CALLE 16A  # 7 44,CESAR,De 8:00 a.m. a 06:00 p.m. Jornado continua,CESAR,200001,-73.24523207,10.47564956,
BUCARAMANGA,(7)6470601,carrera33bucaramanga.oriente@4-72.com.co,CARRERA 33 # 48-30 loc 102,SANTANDER,De 8:00 a.m. a 12 p.m. y de 1 p.m. a 6 p.m.,SANTANDER,680003,-73.1111492,7.116261774,
FLORIDABLANCA,(7)6390888,laflorida.oriente@4-72.com.co,CALLE 31A # 26-89 Local 210,SANTANDER,De 8:00 a.m. a 12 p.m. y de 1 p.m. a 6 p.m.,SANTANDER,681004,-73.10493971,7.069658481,
FLORIDABLANCA,(7)6496983,floridablanca.oriente@4-72.com.co,CARRERA 10ª # 4- 01 esquina,SANTANDER,De 8:00 a.m. a 12 p.m. y de 1 p.m. a 6 p.m.,SANTANDER,681003,-73.08520061,7.063998256,
GIRON,(7)6469811,giron.oriente@4-72.com.co,CARRERA  26 # 40-41 local 101 c.c. poblado plaza,SANTANDER,De 8:00 a.m. a 12 p.m. y de 1 p.m. a 6 p.m.,SANTANDER,687541,-73.16941488,7.072544844,
BUCARAMANGA,(7)6970847- EXT.7120,provenza.oriente@4-72.com.co,CARRERA 26A  # 104-07,SANTANDER,De 8:00 a.m. a 12 p.m. y de 1 p.m. a 6 p.m.,SANTANDER,,0,0,
BUCARAMANGA,(7)6521796,Centrobucaramanga.oriente@4-72.com.co,CARRERA 16 # 37-85 CENTRO,SANTANDER,De 8:00 a.m. a 12 p.m. y de 1 p.m. a 6 p.m.,SANTANDER,680006,-73.12523803,7.117346237,
BUCARAMANGA,(7)6912505,pvsanfrancisco.oriente@4-72.com.co,CARRERA 22 # 21 - 78 LOCAL 6,SANTANDER,De 8:00 a.m. a 12 p.m. y de 1 p.m. a 6 p.m.,SANTANDER,680011,-73.12346835,7.127381261,
GIRON,6970847 EXT 7075,pvindustrial.giron@4-72.com.co,KM 7 # 16F - 60 VIA BUCARAMANGA - GIRÓN,SANTANDER,De 8:00 a.m. a 12 p.m. y de 1 p.m. a 6 p.m.,SANTANDER,,0,0,
CAMPOALEGRE,(8)8380150,campoalegre.sur@4-72.com.co,CRA 8 N.18-41,HUILA,De 8:00 a.m. a 12 p.m. y de 1 p.m. a 6 p.m.,HUILA,413020,-75.32480413,2.684299961,
CHAPARRAL,(8)2460305,chaparral.sur@4-72.com.co,CRA 9 N.10-01,TOLIMA,De 8:00 a.m. a 12 p.m. y de 1 p.m. a 6 p.m.,TOLIMA,735560,-75.48501865,3.725803415,
ESPINAL,(8)2483533,espinal.sur@4-72.com.co,CL 11 N.6-20,TOLIMA,De 8:00 a.m. a 12 p.m. y de 1 p.m. a 6 p.m.,TOLIMA,733520,-74.88573839,4.150153792,
FLORENCIA,(8)4347576,pvflorencia.sur@4-72.com.co,CL 12 N.12-13 CENTRO,CAQUETA,De 8:00 a.m. a 06:00 p.m. Jornado continua,CAQUETA,,0,0,
GARZON,(8)8332085,garzon.sur@4-72.com.co,CL 8 N.7-51,HUILA,De 8:00 a.m. a 12 p.m. y de 1 p.m. a 6 p.m.,HUILA,414020,-75.62630374,2.196256059,
GIRARDOT,(091)8351675,girardot.sur@4-72.com.co,CRA 11 N.18-06 EDIFICIO TELECOM,CUNDINAMARCA,De 8:00 a.m. a 12 p.m. y de 1 p.m. a 6 p.m.,CUNDINAMARCA,252432,-74.80672011,4.297089729,
GUAMO,(8)2270121,elguamo.sur@4-72.com.co,CL 11 N.13-08 CENTRO,TOLIMA,De 8:00 a.m. a 12 p.m. y de 1 p.m. a 6 p.m.,TOLIMA,733540,-74.97411637,4.032171135,
LA PLATA,(8)8371337,laplata.sur@4-72.com.co,CRA 6 N.3-21 SAN SEBASTIAN,HUILA,De 8 a.m. a 12:30 m. y de 1:30 p.m. a 6 p.m.,HUILA,415060,-75.89327883,2.388318854,
LERIDA,(8)2891350,lerida.sur@4-72.com.co,CL 9 N.5 -25,TOLIMA,De 8:00 a.m. a 12 p.m. y de 1 p.m. a 6 p.m.,TOLIMA,731020,-74.90870596,4.863645059,
LIBANO,(8)2564759,libano.sur@4-72.com.co,CRA 9A N. 5 - 10,TOLIMA,De 8 a.m. a 12:30 m. y de 1:30 p.m. a 6 p.m.,TOLIMA,731040,0,0,
MARIQUITA,(8)2524199,mariquita.sur@4-72.com.co,CL 8 N.4-51,TOLIMA,De 8:00 a.m. a 12 p.m. y de 1 p.m. a 6 p.m.,TOLIMA,732020,-74.89526511,5.197898259,
MELGAR,(8)2454842,melgar.sur@4-72.com.co,CRA 24  N.5 - 50 LOCAL 3,TOLIMA,De 8:00 a.m. a 12 p.m. y de 1 p.m. a 6 p.m.,TOLIMA,734001,-74.64278427,4.205307054,
NEIVA,(8)8711552,pvneiva.sur@4-72.com.co,CL 7 N.6-36,HUILA,De 8:00 a.m. a 12 p.m. y de 1 p.m. a 6 p.m.,HUILA,410010,-75.28720589,2.926517609,
PITALITO,(8)8360118,pitalito.sur@4-72.com.co,CALLE 2 N.3-20 CENTRO,HUILA,De 8:00 a.m. a 12 p.m. y de 1 p.m. a 6 p.m.,HUILA,417030,-76.04825047,1.848876562,
IBAGUE,(8)2629290,principal.sur@4-72.com.co,CRA 5 N.31-28,TOLIMA,De 8:00 a.m. a 12 p.m. y de 1 p.m. a 6 p.m.,TOLIMA,730006,-75.22148057,4.439483606,
IBAGUE,(8)2624139,sanmiguel.sur@4-72.com.co,CRA 4 N.11-110 CENTRO,TOLIMA,De 8:00 a.m. a 12 p.m. y de 1 p.m. a 6 p.m.,TOLIMA,730006,-75.24018046,4.444474773,
IBAGUE,(8)2771595 Ext.8042,berlin.sur@4-72.com.co,CRA 16 SUR N. 90-66 PARQUE EMPRESARIAL BERLIN,TOLIMA,De 8:00 a.m. a 12 p.m. y de 1 p.m. a 6 p.m.,TOLIMA,,0,0,
IBAGUE,(8) 2745884,pvjordan.sur@4-72.com.co,CALLE 61B N.5-84 L-4 JORDAN 1 ETAPA,TOLIMA,De 8:00 a.m. a 12 p.m. y de 1 p.m. a 6 p.m.,TOLIMA,,0,0,
